samples, features, loss, epochs, lr, batch_size, cross_k, r2, mse_train, mse_test, mae_train, mae_test, residual_train, residual_test


1600,2,2536.0369524872794,4000,0.01,200,1,0.6127646382433557,2461.9946,2364.5671,39.869812,40.006718,-0.40467024937872226,1.4138454883059592

